7fe713e4-583a-11ed-b80d-2cf05d72c2da,290bc47a-601c-11ed-82be-2cf05d72c2da
3ceaeda9-640b-11ed-bcd8-2cf05d72c2da,2acd4f17-6351-11ed-bcd8-2cf05d72c2da
8babb65d-583a-11ed-b80d-2cf05d72c2da,3ceaeda9-640b-11ed-bcd8-2cf05d72c2da
0ba0c398-612d-11ed-bcd8-2cf05d72c2da,4ebbe6c5-6047-11ed-82be-2cf05d72c2da
8babb65d-583a-11ed-b80d-2cf05d72c2da,4ebbe6c5-6047-11ed-82be-2cf05d72c2da
0ba0c398-612d-11ed-bcd8-2cf05d72c2da,7fe713e4-583a-11ed-b80d-2cf05d72c2da
290bc47a-601c-11ed-82be-2cf05d72c2da,7fe713e4-583a-11ed-b80d-2cf05d72c2da
2acd4f17-6351-11ed-bcd8-2cf05d72c2da,7fe713e4-583a-11ed-b80d-2cf05d72c2da
2ba626f3-640a-11ed-bcd8-2cf05d72c2da,7fe713e4-583a-11ed-b80d-2cf05d72c2da
3ceaeda9-640b-11ed-bcd8-2cf05d72c2da,7fe713e4-583a-11ed-b80d-2cf05d72c2da
95e777df-6351-11ed-bcd8-2cf05d72c2da,7fe713e4-583a-11ed-b80d-2cf05d72c2da
7fe713e4-583a-11ed-b80d-2cf05d72c2da,88571067-583a-11ed-b80d-2cf05d72c2da
83e4b4cc-583a-11ed-b80d-2cf05d72c2da,88571067-583a-11ed-b80d-2cf05d72c2da
0ba0c398-612d-11ed-bcd8-2cf05d72c2da,8babb65d-583a-11ed-b80d-2cf05d72c2da
11882da8-6350-11ed-bcd8-2cf05d72c2da,8babb65d-583a-11ed-b80d-2cf05d72c2da
2acd4f17-6351-11ed-bcd8-2cf05d72c2da,8babb65d-583a-11ed-b80d-2cf05d72c2da
3ceaeda9-640b-11ed-bcd8-2cf05d72c2da,8babb65d-583a-11ed-b80d-2cf05d72c2da
4ebbe6c5-6047-11ed-82be-2cf05d72c2da,8babb65d-583a-11ed-b80d-2cf05d72c2da
7fe713e4-583a-11ed-b80d-2cf05d72c2da,8babb65d-583a-11ed-b80d-2cf05d72c2da
83e4b4cc-583a-11ed-b80d-2cf05d72c2da,8babb65d-583a-11ed-b80d-2cf05d72c2da
88571067-583a-11ed-b80d-2cf05d72c2da,8babb65d-583a-11ed-b80d-2cf05d72c2da
95e777df-6351-11ed-bcd8-2cf05d72c2da,8babb65d-583a-11ed-b80d-2cf05d72c2da
a689e60a-6361-11ed-bcd8-2cf05d72c2da,8babb65d-583a-11ed-b80d-2cf05d72c2da
b5e74e37-639e-11ed-bcd8-2cf05d72c2da,8babb65d-583a-11ed-b80d-2cf05d72c2da
7fe713e4-583a-11ed-b80d-2cf05d72c2da,91af328e-583a-11ed-b80d-2cf05d72c2da
83e4b4cc-583a-11ed-b80d-2cf05d72c2da,91af328e-583a-11ed-b80d-2cf05d72c2da
7fe713e4-583a-11ed-b80d-2cf05d72c2da,95f89ad2-583a-11ed-b80d-2cf05d72c2da
88571067-583a-11ed-b80d-2cf05d72c2da,994386f9-583a-11ed-b80d-2cf05d72c2da
7fe713e4-583a-11ed-b80d-2cf05d72c2da,9c0496f0-583a-11ed-b80d-2cf05d72c2da
88571067-583a-11ed-b80d-2cf05d72c2da,9c0496f0-583a-11ed-b80d-2cf05d72c2da
91af328e-583a-11ed-b80d-2cf05d72c2da,9c0496f0-583a-11ed-b80d-2cf05d72c2da
95f89ad2-583a-11ed-b80d-2cf05d72c2da,9c0496f0-583a-11ed-b80d-2cf05d72c2da
7fe713e4-583a-11ed-b80d-2cf05d72c2da,9e5ec6df-583a-11ed-b80d-2cf05d72c2da
83e4b4cc-583a-11ed-b80d-2cf05d72c2da,9e5ec6df-583a-11ed-b80d-2cf05d72c2da
88571067-583a-11ed-b80d-2cf05d72c2da,9e5ec6df-583a-11ed-b80d-2cf05d72c2da
8babb65d-583a-11ed-b80d-2cf05d72c2da,9e5ec6df-583a-11ed-b80d-2cf05d72c2da
95f89ad2-583a-11ed-b80d-2cf05d72c2da,9e5ec6df-583a-11ed-b80d-2cf05d72c2da
9c0496f0-583a-11ed-b80d-2cf05d72c2da,9e5ec6df-583a-11ed-b80d-2cf05d72c2da
83e4b4cc-583a-11ed-b80d-2cf05d72c2da,a1bd5682-583a-11ed-b80d-2cf05d72c2da
88571067-583a-11ed-b80d-2cf05d72c2da,a1bd5682-583a-11ed-b80d-2cf05d72c2da
8babb65d-583a-11ed-b80d-2cf05d72c2da,a1bd5682-583a-11ed-b80d-2cf05d72c2da
994386f9-583a-11ed-b80d-2cf05d72c2da,a1bd5682-583a-11ed-b80d-2cf05d72c2da
8babb65d-583a-11ed-b80d-2cf05d72c2da,b1249ab3-6404-11ed-bcd8-2cf05d72c2da
7fe713e4-583a-11ed-b80d-2cf05d72c2da,b70e0337-583a-11ed-b80d-2cf05d72c2da
95f89ad2-583a-11ed-b80d-2cf05d72c2da,b70e0337-583a-11ed-b80d-2cf05d72c2da
9c0496f0-583a-11ed-b80d-2cf05d72c2da,b70e0337-583a-11ed-b80d-2cf05d72c2da
a1bd5682-583a-11ed-b80d-2cf05d72c2da,b70e0337-583a-11ed-b80d-2cf05d72c2da
ba52b436-583a-11ed-b80d-2cf05d72c2da,b70e0337-583a-11ed-b80d-2cf05d72c2da
c8630c68-583a-11ed-b80d-2cf05d72c2da,b70e0337-583a-11ed-b80d-2cf05d72c2da
caed7f09-583a-11ed-b80d-2cf05d72c2da,b70e0337-583a-11ed-b80d-2cf05d72c2da
cfa4bff5-583a-11ed-b80d-2cf05d72c2da,b70e0337-583a-11ed-b80d-2cf05d72c2da
83e4b4cc-583a-11ed-b80d-2cf05d72c2da,ba52b436-583a-11ed-b80d-2cf05d72c2da
88571067-583a-11ed-b80d-2cf05d72c2da,ba52b436-583a-11ed-b80d-2cf05d72c2da
91af328e-583a-11ed-b80d-2cf05d72c2da,ba52b436-583a-11ed-b80d-2cf05d72c2da
994386f9-583a-11ed-b80d-2cf05d72c2da,ba52b436-583a-11ed-b80d-2cf05d72c2da
9c0496f0-583a-11ed-b80d-2cf05d72c2da,ba52b436-583a-11ed-b80d-2cf05d72c2da
9e5ec6df-583a-11ed-b80d-2cf05d72c2da,ba52b436-583a-11ed-b80d-2cf05d72c2da
a1bd5682-583a-11ed-b80d-2cf05d72c2da,ba52b436-583a-11ed-b80d-2cf05d72c2da
bceb9c4e-583a-11ed-b80d-2cf05d72c2da,ba52b436-583a-11ed-b80d-2cf05d72c2da
c5da709d-583a-11ed-b80d-2cf05d72c2da,ba52b436-583a-11ed-b80d-2cf05d72c2da
c8630c68-583a-11ed-b80d-2cf05d72c2da,ba52b436-583a-11ed-b80d-2cf05d72c2da
7fe713e4-583a-11ed-b80d-2cf05d72c2da,bceb9c4e-583a-11ed-b80d-2cf05d72c2da
83e4b4cc-583a-11ed-b80d-2cf05d72c2da,bceb9c4e-583a-11ed-b80d-2cf05d72c2da
88571067-583a-11ed-b80d-2cf05d72c2da,bceb9c4e-583a-11ed-b80d-2cf05d72c2da
8babb65d-583a-11ed-b80d-2cf05d72c2da,bceb9c4e-583a-11ed-b80d-2cf05d72c2da
95f89ad2-583a-11ed-b80d-2cf05d72c2da,bceb9c4e-583a-11ed-b80d-2cf05d72c2da
9c0496f0-583a-11ed-b80d-2cf05d72c2da,bceb9c4e-583a-11ed-b80d-2cf05d72c2da
9e5ec6df-583a-11ed-b80d-2cf05d72c2da,bceb9c4e-583a-11ed-b80d-2cf05d72c2da
a1bd5682-583a-11ed-b80d-2cf05d72c2da,bceb9c4e-583a-11ed-b80d-2cf05d72c2da
c5da709d-583a-11ed-b80d-2cf05d72c2da,bceb9c4e-583a-11ed-b80d-2cf05d72c2da
cd475ac5-583a-11ed-b80d-2cf05d72c2da,bceb9c4e-583a-11ed-b80d-2cf05d72c2da
cfa4bff5-583a-11ed-b80d-2cf05d72c2da,bceb9c4e-583a-11ed-b80d-2cf05d72c2da
83e4b4cc-583a-11ed-b80d-2cf05d72c2da,c5da709d-583a-11ed-b80d-2cf05d72c2da
88571067-583a-11ed-b80d-2cf05d72c2da,c5da709d-583a-11ed-b80d-2cf05d72c2da
8babb65d-583a-11ed-b80d-2cf05d72c2da,c5da709d-583a-11ed-b80d-2cf05d72c2da
91af328e-583a-11ed-b80d-2cf05d72c2da,c5da709d-583a-11ed-b80d-2cf05d72c2da
994386f9-583a-11ed-b80d-2cf05d72c2da,c5da709d-583a-11ed-b80d-2cf05d72c2da
9c0496f0-583a-11ed-b80d-2cf05d72c2da,c5da709d-583a-11ed-b80d-2cf05d72c2da
9e5ec6df-583a-11ed-b80d-2cf05d72c2da,c5da709d-583a-11ed-b80d-2cf05d72c2da
a1bd5682-583a-11ed-b80d-2cf05d72c2da,c5da709d-583a-11ed-b80d-2cf05d72c2da
c8630c68-583a-11ed-b80d-2cf05d72c2da,c5da709d-583a-11ed-b80d-2cf05d72c2da
caed7f09-583a-11ed-b80d-2cf05d72c2da,c5da709d-583a-11ed-b80d-2cf05d72c2da
cd475ac5-583a-11ed-b80d-2cf05d72c2da,c5da709d-583a-11ed-b80d-2cf05d72c2da
7fe713e4-583a-11ed-b80d-2cf05d72c2da,c8630c68-583a-11ed-b80d-2cf05d72c2da
83e4b4cc-583a-11ed-b80d-2cf05d72c2da,c8630c68-583a-11ed-b80d-2cf05d72c2da
88571067-583a-11ed-b80d-2cf05d72c2da,c8630c68-583a-11ed-b80d-2cf05d72c2da
a1bd5682-583a-11ed-b80d-2cf05d72c2da,c8630c68-583a-11ed-b80d-2cf05d72c2da
cd475ac5-583a-11ed-b80d-2cf05d72c2da,c8630c68-583a-11ed-b80d-2cf05d72c2da
cfa4bff5-583a-11ed-b80d-2cf05d72c2da,c8630c68-583a-11ed-b80d-2cf05d72c2da
7fe713e4-583a-11ed-b80d-2cf05d72c2da,caed7f09-583a-11ed-b80d-2cf05d72c2da
83e4b4cc-583a-11ed-b80d-2cf05d72c2da,caed7f09-583a-11ed-b80d-2cf05d72c2da
88571067-583a-11ed-b80d-2cf05d72c2da,caed7f09-583a-11ed-b80d-2cf05d72c2da
8babb65d-583a-11ed-b80d-2cf05d72c2da,caed7f09-583a-11ed-b80d-2cf05d72c2da
95f89ad2-583a-11ed-b80d-2cf05d72c2da,caed7f09-583a-11ed-b80d-2cf05d72c2da
994386f9-583a-11ed-b80d-2cf05d72c2da,caed7f09-583a-11ed-b80d-2cf05d72c2da
9c0496f0-583a-11ed-b80d-2cf05d72c2da,caed7f09-583a-11ed-b80d-2cf05d72c2da
9e5ec6df-583a-11ed-b80d-2cf05d72c2da,caed7f09-583a-11ed-b80d-2cf05d72c2da
a1bd5682-583a-11ed-b80d-2cf05d72c2da,caed7f09-583a-11ed-b80d-2cf05d72c2da
cd475ac5-583a-11ed-b80d-2cf05d72c2da,caed7f09-583a-11ed-b80d-2cf05d72c2da
cfa4bff5-583a-11ed-b80d-2cf05d72c2da,caed7f09-583a-11ed-b80d-2cf05d72c2da
83e4b4cc-583a-11ed-b80d-2cf05d72c2da,cd475ac5-583a-11ed-b80d-2cf05d72c2da
8babb65d-583a-11ed-b80d-2cf05d72c2da,cd475ac5-583a-11ed-b80d-2cf05d72c2da
91af328e-583a-11ed-b80d-2cf05d72c2da,cd475ac5-583a-11ed-b80d-2cf05d72c2da
994386f9-583a-11ed-b80d-2cf05d72c2da,cd475ac5-583a-11ed-b80d-2cf05d72c2da
9c0496f0-583a-11ed-b80d-2cf05d72c2da,cd475ac5-583a-11ed-b80d-2cf05d72c2da
9e5ec6df-583a-11ed-b80d-2cf05d72c2da,cd475ac5-583a-11ed-b80d-2cf05d72c2da
a1bd5682-583a-11ed-b80d-2cf05d72c2da,cd475ac5-583a-11ed-b80d-2cf05d72c2da
88571067-583a-11ed-b80d-2cf05d72c2da,cfa4bff5-583a-11ed-b80d-2cf05d72c2da
8babb65d-583a-11ed-b80d-2cf05d72c2da,cfa4bff5-583a-11ed-b80d-2cf05d72c2da
91af328e-583a-11ed-b80d-2cf05d72c2da,cfa4bff5-583a-11ed-b80d-2cf05d72c2da
95f89ad2-583a-11ed-b80d-2cf05d72c2da,cfa4bff5-583a-11ed-b80d-2cf05d72c2da
994386f9-583a-11ed-b80d-2cf05d72c2da,cfa4bff5-583a-11ed-b80d-2cf05d72c2da
a1bd5682-583a-11ed-b80d-2cf05d72c2da,cfa4bff5-583a-11ed-b80d-2cf05d72c2da
